{
    "plugins": [
        "mobi.monaca.plugins.Monaca"
    ],
    "framework_version": "3.5",
    "xcode_version": "7",
    "cordova_version": "6.2",
    "plugin_settings": {
        "https:\/\/github.com\/mapsplugin\/cordova-plugin-googlemaps.git": {
            "variables": [
                "API_KEY_FOR_ANDROID=<AIzaSyCdnT6R_swSu7IdVnGV1HiJgjILmNU5Uos>",
                "API_KEY_FOR_IOS=<AIzaSyCdnT6R_swSu7IdVnGV1HiJgjILmNU5Uos>"
            ]
        }
    },
    "external_plugins": [
        "cordova-plugin-whitelist@1.2.2",
        "cordova-plugin-splashscreen@3.2.2",
        "cordova-custom-config@2.0.3",
        "cordova-plugin-geolocation@2.2.0",
        "https:\/\/github.com\/mapsplugin\/cordova-plugin-googlemaps.git"
    ],
    "title-ja": "",
    "title-en": "",
    "description-ja": "",
    "description-en": "",
    "category": "User Template",
    "platform": [
        "android",
        "ios",
        "winrt",
        "chrome"
    ],
    "name": "generated-1491588067-58e6734eff2af2314af10c3c"
}